"DESCRIPTION","DURATION IN MS","NAME","PARENT SUITE","START TIME","STATUS","STOP TIME","SUB SUITE","SUITE","TEST CLASS","TEST METHOD"
"","1374","AUT-004: Data-driven login for all accepted users","tests","2026-09-28","passed","2026-09-28","","TS-02 Login","",""
"","316","AUT-021: Visual user sees correct prices","tests","2026-09-28","skipped","2026-09-28","","TS-08 Visual User Defects","",""
"","1389","AUT-004: Data-driven login for all accepted users","tests","2026-09-28","passed","2026-09-28","","TS-02 Login","",""
"","1548","AUT-011: Problem user checkout flow","tests","2026-09-28","skipped","2026-09-28","","TS-05 Problem User Defects","",""
"","1347","AUT-004: Data-driven login for all accepted users","tests","2026-09-28","passed","2026-09-28","","TS-02 Login","",""
"","1354","AUT-004: Data-driven login for all accepted users","tests","2026-09-28","passed","2026-09-28","","TS-02 Login","",""
"","1328","AUT-007: Cart total calculation with multiple items","tests","2026-09-28","passed","2026-09-28","","TS-03 Checkout - Positive","",""
"","2080","AUT-025: Cart does not persist across users","tests","2026-09-28","skipped","2026-09-28","","TS-06 Cart & Session Defects","",""
"","3","AUT-001: Site opens with correct title","tests","2026-09-28","passed","2026-09-28","","TS-01 Smoke","",""
"","3742","AUT-019: Error user completes checkout","tests","2026-09-28","skipped","2026-09-28","","TS-07 Error User Defects","",""
"","811","AUT-005: Successful end-to-end checkout","tests","2026-09-28","passed","2026-09-28","","TS-03 Checkout - Positive","",""
"","5889","AUT-004: Data-driven login for all accepted users","tests","2026-09-28","passed","2026-09-28","","TS-02 Login","",""
